place_id,name,business_status,business_address,lat,lng,types,rating,user_ratings_total,keyword,grid_lat,grid_lng
ChIJ41ERJqUvjoAR1hwDca5jWx0,Starbucks,CLOSED_TEMPORARILY,"7026 Santa Teresa Blvd, San Jose, CA 95139, USA",37.226729999999996,-121.77565000000001,"coffee_shop,breakfast_restaurant,internet_cafe,cafe,restaurant,point_of_interest,food_store,food,store,establishment",4.1,283,"coffee_shop,cafe,restaurant",,
ChIJBW4htls0joAR-KDCLaox1YQ,Rubi Kiosk,CLOSED_TEMPORARILY,"2027 Camden Ave, San Jose, CA 95124, USA",37.2626894,-121.9323323,"coffee_shop,cafe,point_of_interest,food_store,food,store,establishment",,,"coffee_shop,cafe",,
ChIJI-WTBHlBjoARKaMsZc9trj4,Sentinel Cafe,CLOSED_TEMPORARILY,"877 Cedar St, Santa Cruz, CA 95060, USA",36.9740689,-122.0277527,"coffee_shop,cafe,point_of_interest,food_store,food,store,establishment",5,1,"coffee_shop,cafe",,
ChIJRwFXSHVBjoAR738oYvO_tMc,Perk Coffee Bar at Earth & Marine Sciences,CLOSED_TEMPORARILY,"Red Hill Rd, Santa Cruz, CA 95064, USA",36.9979477,-122.0599438,"coffee_shop,cafe,point_of_interest,food_store,food,store,establishment",3.9,30,"coffee_shop,cafe",,
ChIJcyCbSdjKj4ARm5xqrWqGbMw,Starbucks,CLOSED_TEMPORARILY,"Orchid Plaza, 804 S Winchester Blvd, San Jose, CA 95128, USA",37.312979999999996,-121.94975,"coffee_shop,internet_cafe,cafe,breakfast_restaurant,restaurant,point_of_interest,food_store,food,store,establishment",4.2,529,"coffee_shop,cafe,restaurant",,
ChIJe6zFYJlLjoAR3NmxVIGR4nU,Sipbie Caffe,CLOSED_TEMPORARILY,"20645 4th St B, Saratoga, CA 95070, USA",37.2577508,-122.03462150000001,"coffee_shop,cafe,point_of_interest,food_store,food,store,establishment",5,3,"coffee_shop,cafe",,
ChIJfabpVhBBjoARUSVns4LWWY0,Rock N Roll Donut Bar,CLOSED_TEMPORARILY,"1335 Pacific Ave, Santa Cruz, CA 95060, USA",36.9739225,-122.0264517,"donut_shop,coffee_shop,cafe,bakery,vegan_restaurant,vegetarian_restaurant,restaurant,point_of_interest,food_store,food,store,establishment",4.8,119,"coffee_shop,cafe,bakery,restaurant",,
ChIJk2qlUBa1j4ARxU4FFV2u3Wo,Berraco Coffee,CLOSED_TEMPORARILY,"19110 Stevens Creek Blvd Unidad A, Cupertino, CA 95014, USA",37.3227493,-122.0067379,"coffee_shop,cafe,food_store,point_of_interest,store,food,establishment",4.2,113,"coffee_shop,cafe",,
ChIJt2NAZ980joAR04JXqr-liwI,Snake & Butterfly,CLOSED_TEMPORARILY,"191 E Campbell Ave, Campbell, CA 95008, USA",37.287192999999995,-121.94687700000001,"chocolate_shop,candy_store,coffee_shop,cafe,ice_cream_shop,dessert_shop,confectionery,point_of_interest,food_store,food,store,establishment",4.4,246,"coffee_shop,cafe",,
ChIJydgfjJlqjoARg4kRi2BXZZc,Loard's Ice Cream,CLOSED_TEMPORARILY,"307 Beach St, Santa Cruz, CA 95060, USA",36.9641215,-122.0208697,"ice_cream_shop,coffee_shop,cafe,dessert_shop,confectionery,food_store,food,point_of_interest,store,establishment",3.6,25,"coffee_shop,cafe",,
ChIJ3-JTOHwVjoARDD54KAr-COM,Adorable French Bakery - Bistro at VinoCruz,CLOSED_TEMPORARILY,"4901 Soquel Dr, Soquel, CA 95073, USA",36.988989,-121.95426499999999,"wine_bar,liquor_store,bakery,bar,restaurant,point_of_interest,food_store,food,store,establishment",4.4,173,"liquor_store,bakery,bar,restaurant",,
ChIJ3fNb8SYujoARoszSpJw-Zpg,Cake Passion by Kanica,CLOSED_TEMPORARILY,"6260 Ceanothus Ln, San Jose, CA 95119, USA",37.240466,-121.79600599999999,"bakery,cafe,dessert_shop,confectionery,food_store,food,point_of_interest,wholesaler,store,establishment",4.8,4,"bakery,cafe",,
ChIJ9dbQ491KjoARsQvEcotcqhA,Minicakes by Tasha,CLOSED_TEMPORARILY,"14410 Big Basin Wy Suite D, Saratoga, CA 95070, USA",37.2585652,-122.03234950000001,"bakery,food_store,food,point_of_interest,wholesaler,store,establishment",4.8,6,bakery,,
ChIJD73vYWsVjoARjDaJTrlJVMM,Starz Cupcakes,CLOSED_TEMPORARILY,"1420 41st Ave, Capitola, CA 95010, USA",36.9712137,-121.96450779999999,"bakery,point_of_interest,food_store,food,store,establishment",5,1,bakery,,
ChIJUw8mEQA1joARJpXAWCYOt2Y,Posh bagel,CLOSED_TEMPORARILY,"2005 Camden Ave, San Jose, CA 95124, USA",37.2623086,-121.9319075,"bakery,point_of_interest,food_store,food,store,establishment",,,bakery,,
ChIJVVVVUB7Lj4ARO7g2axw2iUs,Woops! Macarons (Santa Clara / San Jose Delivery),CLOSED_TEMPORARILY,"1600 Dell Ave, Campbell, CA 95008, USA",37.263011,-121.9557296,"dessert_shop,gift_shop,bakery,confectionery,food_store,restaurant,food,point_of_interest,store,establishment",3.7,3,"bakery,restaurant",,
ChIJVVWVCTkbjoARKxSFKf-snzs,Artisan Hand Food,CLOSED_TEMPORARILY,"412 E Riverside Dr, Corralitos, CA 95076, USA",36.911605,-121.7461209,"bakery,point_of_interest,food_store,food,store,establishment",5,2,bakery,,
ChIJYyWIXyxLjoAR9teE0nzkmKc,Tai Zhan,CLOSED_TEMPORARILY,"14572 Big Basin Wy, Saratoga, CA 95070, USA",37.2561359,-122.0352373,"bakery,food_store,food,point_of_interest,store,establishment",4.8,53,bakery,,
ChIJZ_7jkvrLj4ARwfbThR6unzs,Zeta,CLOSED_TEMPORARILY,"1478 Stockbridge Dr, San Jose, CA 95130, USA",37.2970073,-121.9701062,"bakery,food_store,point_of_interest,store,food,establishment",,,bakery,,
ChIJg7W1QM1AjoARblf-XmrefxM,Loganberry Bakery,CLOSED_TEMPORARILY,"16 Camp Evers Ln, Scotts Valley, CA 95066, USA",37.0470523,-122.0255754,"bakery,food_store,point_of_interest,store,food,establishment",5,2,bakery,,
ChIJty2oEgA1joARAbjTBJWLdg0,Paris Baguette,CLOSED_TEMPORARILY,"2053 Camden Ave, San Jose, CA 95124, USA",37.2627302,-121.93374569999999,"bakery,food_store,food,point_of_interest,store,establishment",,,bakery,,
ChIJuxfZy3YVjoARi4XxTBOUjs8,Just Cake,CLOSED_TEMPORARILY,"712 Capitola Ave, Capitola, CA 95010, USA",36.979657599999996,-121.9527326,"bakery,dessert_shop,confectionery,point_of_interest,food_store,food,store,establishment",4.3,7,bakery,,
ChIJv6qmelcBjoARxDEQid4W9r8,Let Them Eat Cake by Kimmie Kakes and Company,CLOSED_TEMPORARILY,"445 Strawberry Canyon Rd, Royal Oaks, CA 95076, USA",36.8281135,-121.70787809999999,"bakery,dessert_shop,confectionery,wholesaler,point_of_interest,food_store,food,store,establishment",,,bakery,,
ChIJA5mNDGczjoARUM7WRB0ZMKc,New World Computers,CLOSED_TEMPORARILY,"1108 Pine Ave, San Jose, CA 95125, USA",37.2981962,-121.8935037,"electronics_store,point_of_interest,store,establishment",5,1,electronics_store,,
ChIJH2yzTNVBjoAR4Hh6NTpycaM,,CLOSED_TEMPORARILY,"1330 Mission St, Santa Cruz, CA 95060, USA",36.9678477,-122.0387519,"electronics_store,point_of_interest,store,establishment",,,electronics_store,,
ChIJKV6AGq-1j4AR3VI83A0eujo,Leho Communication,CLOSED_TEMPORARILY,"D, 20311 Stevens Creek Blvd, Cupertino, CA 95014, USA",37.323314,-122.02909299999999,"cell_phone_store,electronics_store,telecommunications_service_provider,point_of_interest,store,establishment",4.5,39,electronics_store,,
ChIJOfJhTh9AjoARoGdjOsYwYRU,Rite Aid Photo,CLOSED_TEMPORARILY,"901 Soquel Ave, Santa Cruz, CA 95062, USA",36.9784388,-122.01474970000001,"electronics_store,home_goods_store,point_of_interest,store,establishment",1.7,3,"electronics_store,home_goods_store",,
ChIJWy03Jwo0joARPYUws0fi-Ko,Multiversal Computer Repair,CLOSED_TEMPORARILY,"5031 Rue Calais, San Jose, CA 95136, USA",37.2621845,-121.82882359999999,"electronics_store,point_of_interest,store,establishment",5,1,electronics_store,,
ChIJZdBww-bKj4ARFmhbSNicl-E,Micro Marketing Distribution,CLOSED_TEMPORARILY,"3249 Stevens Creek Blvd #100, San Jose, CA 95117, USA",37.323042699999995,-121.9542124,"electronics_store,point_of_interest,store,establishment",,,electronics_store,,
ChIJdWDLrwY1joAREGMDYGMXNFo,brite-View by Xpike Innovation,CLOSED_TEMPORARILY,"1350 Dell Ave, Campbell, CA 95008, USA",37.266602400000004,-121.9537981,"electronics_store,general_contractor,point_of_interest,store,establishment",,,electronics_store,,
ChIJeyYG1msVjoARqMn8fzg_Hw8,Sears Mall,CLOSED_TEMPORARILY,"4015 Capitola Rd Capitola, Mall, Santa Cruz, CA 95062, USA",36.9750709,-121.96674700000001,"department_store,electronics_store,furniture_store,shoe_store,clothing_store,jewelry_store,home_improvement_store,home_goods_store,point_of_interest,store,establishment",3,75,"department_store,electronics_store,furniture_store,clothing_store,home_goods_store",,
ChIJgexMlR_Lj4ARXybh_SjxqC0,Sony Store,CLOSED_TEMPORARILY,"2855 Stevens Creek Blvd, Santa Clara, CA 95050, USA",37.3263647,-121.9456534,"electronics_store,point_of_interest,store,establishment",4,3,electronics_store,,
ChIJyRgJV9_Kj4ARKWAF05CU3hk,PDF Online,CLOSED_TEMPORARILY,"3031 Tisch Way #1000, San Jose, CA 95128, USA",37.317645999999996,-121.94756349999999,"electronics_store,point_of_interest,store,establishment",5,3,electronics_store,,
ChIJHZDvL1XLj4ARZLy0pqX5RIo,The Local Cafe,CLOSED_TEMPORARILY,"2160 Fruitdale Ave, San Jose, CA 95128, USA",37.310462099999995,-121.93106030000001,"cafe,food,point_of_interest,establishment",,,cafe,,
ChIJVVUlN5hBjoAR_ZLkHVT3Nvw,Oakes Cafe,CLOSED_TEMPORARILY,"Oakes Cafe, Santa Cruz, CA 95064, USA",36.9892275,-122.0633029,"cafe,point_of_interest,food,establishment",4.2,39,cafe,,
ChIJoSamFJE1joARaYifGim5vRg,Cafes,CLOSED_TEMPORARILY,"2589 Samaritan Dr, San Jose, CA 95124, USA",37.2534114,-121.95166599999999,"cafe,point_of_interest,food,establishment",,,cafe,,
ChIJuxxEo6FBjoAR77VhE1m92_Q,Global Village Cafe,CLOSED_TEMPORARILY,"414 McHenry Rd, Santa Cruz, CA 95064, USA",36.996081,-122.0593557,"cafe,point_of_interest,food,establishment",2.4,36,cafe,,
ChIJ-VedbgC1j4AR4gFRPIIY47o,Gowri's Kitchen,CLOSED_TEMPORARILY,"21135 Hazelbrook Dr, Cupertino, CA 95014, USA",37.3284556,-122.044108,"indian_restaurant,restaurant,point_of_interest,food,establishment",5,8,restaurant,,
ChIJ-wPDZIQVjoARRZ1O5lk_sa8,Reef Dog Deli,CLOSED_TEMPORARILY,"311 Capitola Ave, Capitola, CA 95010, USA",36.9733229,-121.95265339999999,"deli,sandwich_shop,catering_service,food_delivery,market,grocery_store,wholesaler,food_store,restaurant,point_of_interest,store,food,establishment",4.8,97,"grocery_store,restaurant",,
ChIJ08hmxzLLj4ARroXve7kDePQ,Vegan Bowls For All,CLOSED_TEMPORARILY,"3055 Olin Ave, San Jose, CA 95128, USA",37.320938999999996,-121.94932399999999,"vegan_restaurant,vegetarian_restaurant,restaurant,point_of_interest,food,establishment",,,restaurant,,
ChIJ0Ve8Z6Y1joARGTSpxuy03SQ,ZENSHI Handcrafted Sushi,CLOSED_TEMPORARILY,"1305 Winchester Blvd, San Jose, CA 95117, USA",37.30112880000001,-121.9503775,"restaurant,meal_takeaway,point_of_interest,food,establishment",,,"restaurant,meal_takeaway",,
ChIJ0YN70YI1joAROIUEIc-KQS8,Masala Valley,CLOSED_TEMPORARILY,"1505 S Winchester Blvd # 1, San Jose, CA 95128, USA",37.296599199999996,-121.95046620000001,"catering_service,meal_delivery,food_delivery,meal_takeaway,restaurant,point_of_interest,food,establishment",5,4,"meal_delivery,meal_takeaway,restaurant",,
ChIJ0xvVVQDjkYARc3pTq0Z7hVc,O-TOWN BBQ & GRILL,CLOSED_TEMPORARILY,"2695 Hecker Pass Hwy, Gilroy, CA 95020, USA",37.013791399999995,-121.61980129999999,"barbecue_restaurant,restaurant,point_of_interest,food,establishment",5,7,restaurant,,
ChIJ48rjZG-0j4ARbRzmVl9hJtA,Pita & Salt,CLOSED_TEMPORARILY,"2200 Curtner Ave, Campbell, CA 95008, USA",37.2715417,-121.938914,"catering_service,middle_eastern_restaurant,food_delivery,restaurant,food,point_of_interest,establishment",4.3,24,restaurant,,
ChIJ6-oAA_YzjoARxInUyV20zIU,Boba Pub,CLOSED_TEMPORARILY,"4718 Meridian Ave, San Jose, CA 95118, USA",37.254369,-121.8972057,"vietnamese_restaurant,tea_house,dessert_shop,confectionery,restaurant,point_of_interest,food_store,food,store,establishment",4.2,325,restaurant,,
ChIJ68qnVBAzjoAR8a71K-d6RWY,Buddha Breakfast,CLOSED_TEMPORARILY,"4580 Almaden Expy unit 103, San Jose, CA 95118, USA",37.2636971,-121.87627359999999,"restaurant,food,point_of_interest,establishment",,,restaurant,,
ChIJ6V8KMIdrjoARkGtlGAlkZGo,Seabright Taqueria,CLOSED_TEMPORARILY,"415 Seabright Ave, Santa Cruz, CA 95062, USA",36.966780899999996,-122.008021,"mexican_restaurant,restaurant,point_of_interest,food,establishment",5,3,restaurant,,
ChIJ7e6SOTw1joARORaZ5BmX4I0,Desi Contemporary Indian Casual & Gabru Bar,CLOSED_TEMPORARILY,"501 E Campbell Ave, Campbell, CA 95008, USA",37.2872823,-121.9410089,"indian_restaurant,event_venue,catering_service,vegan_restaurant,vegetarian_restaurant,food_delivery,bar,american_restaurant,restaurant,food,point_of_interest,establishment",4,881,"bar,restaurant",,
ChIJ84XRO-QajoARcBxB62aOa3k,Subway,CLOSED_TEMPORARILY,"1487 Main St Suite 101, Watsonville, CA 95076, USA",36.9157911,-121.77733479999998,"sandwich_shop,fast_food_restaurant,meal_takeaway,catering_service,food_delivery,restaurant,point_of_interest,food,establishment",3.7,43,"meal_takeaway,restaurant",,
ChIJ8QDaBkoVjoARCwx86jPTcco,Little Caesars Pizza,CLOSED_TEMPORARILY,"1701 Portola Dr, Santa Cruz, CA 95062, USA",36.962962999999995,-121.987537,"pizza_restaurant,fast_food_restaurant,meal_delivery,food_delivery,meal_takeaway,restaurant,point_of_interest,food,establishment",4.1,258,"meal_delivery,meal_takeaway,restaurant",,
ChIJ9fEQPRgbjoARhpBfJWGJXxY,Ruby’s Restaurant,CLOSED_TEMPORARILY,"300 E Lake Ave, Watsonville, CA 95076, USA",36.9149982,-121.75339539999999,"mexican_restaurant,restaurant,food,point_of_interest,establishment",5,3,restaurant,,
ChIJAe53oEMvjoARjHZ7c-ntxqA,Frontera Grill 2,CLOSED_TEMPORARILY,"165 Blossom Hill Rd, San Jose, CA 95123, USA",37.252241,-121.80915399999999,"mexican_restaurant,restaurant,point_of_interest,food,establishment",5,3,restaurant,,
ChIJB1yTMSdAjoARWOp0ZVDZLEs,Royal Taj India Cuisine,CLOSED_TEMPORARILY,"270 Soquel Ave, Santa Cruz, CA 95062, USA",36.9736979,-122.02165749999999,"restaurant,buffet_restaurant,indian_restaurant,point_of_interest,food,establishment",4,346,restaurant,,
ChIJCR3--3wzjoARdkooQm4EEus,Willy Billy's BBQ,CLOSED_TEMPORARILY,"2306 Almaden Rd Suite 150, San Jose, CA 95125, USA",37.290697099999996,-121.87977439999999,"restaurant,point_of_interest,food,establishment",,,restaurant,,
ChIJCxCOs6ozjoARK-fmIynDrnM,Jerk and Java,CLOSED_TEMPORARILY,"2306 Almaden Rd Suite 150, San Jose, CA 95125, USA",37.290697099999996,-121.87977439999999,"restaurant,point_of_interest,food,establishment",,,restaurant,,
ChIJD3The24HjoARDfBqsa1PWHY,Snack Market,CLOSED_TEMPORARILY,"8804 Vista De Tierra Cir, Castroville, CA 95012, USA",36.7884929,-121.7274858,"meal_takeaway,restaurant,point_of_interest,food,establishment",5,2,"meal_takeaway,restaurant",,
ChIJDbxBq3YVjoAR6FK0WC-VW60,Buzen Foods,CLOSED_TEMPORARILY,"16 Seascape Village, Aptos, CA 95003, USA",36.9526829,-121.87712370000001,"meal_takeaway,restaurant,point_of_interest,food,establishment",5,1,"meal_takeaway,restaurant",,
ChIJDeyZrBEzjoARBeZHIANExoE,Kaia Hawaiian BBQ,CLOSED_TEMPORARILY,"925 Blossom Hill Rd, San Jose, CA 95123, USA",37.2514652,-121.8621929,"american_restaurant,restaurant,food,point_of_interest,establishment",3.1,14,restaurant,,
ChIJEUWBixszjoAR-PRTGg09H2A,Shnitz,CLOSED_TEMPORARILY,"4580 Almaden Expy unit 103, San Jose, CA 95118, USA",37.2636971,-121.87627359999999,"restaurant,food,point_of_interest,establishment",5,12,restaurant,,
ChIJG76el1YajoARfFNy9pZ5WK8,Taqueria Mi Tierra,CLOSED_TEMPORARILY,"1726 Freedom Blvd, Freedom, CA 95019, USA",36.9340085,-121.77189430000001,"mexican_restaurant,restaurant,point_of_interest,food,establishment",4.4,489,restaurant,,
ChIJKyT_dOAxjoAR5FTKkyeR43k,Bamboo Y Kitchen 竹蜻蜓厨房,CLOSED_TEMPORARILY,"5665 Snell Ave, San Jose, CA 95123, USA",37.249007999999996,-121.83152899999999,"asian_restaurant,restaurant,point_of_interest,food,establishment",,,restaurant,,
ChIJL3IJQAAzjoARevysVmId-Bo,LA SUCURSAL DEL CIELO COLOMBIANS FOOD,CLOSED_TEMPORARILY,"1242 Palm St, San Jose, CA 95110, USA",37.3137531,-121.8821156,"restaurant,point_of_interest,food,establishment",5,4,restaurant,,
ChIJLTZhAD4VjoARYVaQ2Zg0VOk,Paula's,CLOSED_TEMPORARILY,"3500 Portola Dr, Santa Cruz, CA 95062, USA",36.9632217,-121.97041009999998,"breakfast_restaurant,restaurant,point_of_interest,food,establishment",4.1,310,restaurant,,
ChIJN4CGzGy1j4ARMLBXbCsUbKo,Pho Kitchen,CLOSED_TEMPORARILY,"5293 Prospect Rd C, San Jose, CA 95129, USA",37.2926363,-121.99555450000001,"restaurant,point_of_interest,food,establishment",,,restaurant,,
ChIJNRQ4apIvjoARUSGouTzgKpc,Champ Bento,CLOSED_TEMPORARILY,"6229 Santa Teresa Blvd, San Jose, CA 95119, USA",37.2364453,-121.8030307,"restaurant,point_of_interest,food,establishment",5,1,restaurant,,
ChIJNeBVOCfLj4ARkAgVf4LKGI4,Chiken's Tamales,CLOSED_TEMPORARILY,"1744 W San Carlos St, San Jose, CA 95128, USA",37.3231867,-121.9234666,"restaurant,point_of_interest,food,establishment",5,1,restaurant,,
ChIJNxrumxEvjoARRB5vglTf9Nk,Bonchon Santa Teresa,CLOSED_TEMPORARILY,"7026 Santa Teresa Blvd Suite 30, San Jose, CA 95139, USA",37.2267167,-121.7756964,"korean_restaurant,asian_restaurant,fast_food_restaurant,meal_takeaway,restaurant,point_of_interest,food,establishment",3.9,151,"meal_takeaway,restaurant",,
ChIJQ86zsXlqjoARIcQ308dTW74,La Cabaña Taqueria,CLOSED_TEMPORARILY,"2332 Mission St, Santa Cruz, CA 95060, USA",36.9615359,-122.04773859999999,"mexican_restaurant,fast_food_restaurant,restaurant,point_of_interest,food,establishment",4.3,612,restaurant,,
ChIJT88aUAAdjoARtvPHXBARQMI,The Wok,CLOSED_TEMPORARILY,"2939+QP, 3050 Hecker Pass Hwy, Gilroy, CA 95020, USA",37.0043558,-121.63062309999998,"chinese_restaurant,restaurant,point_of_interest,food,establishment",4.3,3,restaurant,,
ChIJT8j9cWAVjoAROak0hCHH5OE,Village Kitchen,CLOSED_TEMPORARILY,"2800 S Rodeo Gulch Rd, Soquel, CA 95073, USA",36.9862227,-121.96915869999998,"fast_food_restaurant,restaurant,point_of_interest,food,establishment",1,1,restaurant,,
ChIJTQkZ3fA0joARz3b8S9V7Z2Y,Union Chinese Restaurant,CLOSED_TEMPORARILY,"2622 Union Ave, San Jose, CA 95124, USA",37.2743872,-121.9326862,"chinese_restaurant,asian_restaurant,restaurant,point_of_interest,food,establishment",3.8,63,restaurant,,
ChIJUxRwiGU0joARq3L5wLh872s,Taqueria El Ranchito,CLOSED_TEMPORARILY,"1795 Hillsdale Ave #60, San Jose, CA 95124, USA",37.2641914,-121.9164838,"mexican_restaurant,catering_service,breakfast_restaurant,food_delivery,restaurant,food,point_of_interest,establishment",4.4,315,restaurant,,
ChIJX2hu9qEbjoARI0U4yWIt0_4,Firehouse Subs Pajaro Dunes Center,CLOSED_TEMPORARILY,"79 Lee Rd, Watsonville, CA 95076, USA",36.89593,-121.7784139,"sandwich_shop,catering_service,food_delivery,restaurant,point_of_interest,food,establishment",5,1,restaurant,,
ChIJXc44LkIbjoARs7Vx13pnh28,Juanito's Tacos y Churros,CLOSED_TEMPORARILY,"444 Airport Blvd, Watsonville, CA 95076, USA",36.932427499999996,-121.7876574,"mexican_restaurant,restaurant,point_of_interest,food,establishment",5,2,restaurant,,
ChIJb3vzHsg1joARz6-BeWXr66g,El Nevado Gourmet,CLOSED_TEMPORARILY,"1301 S Winchester Blvd, San Jose, CA 95128, USA",37.3014589,-121.95115639999997,"mexican_restaurant,restaurant,point_of_interest,food,establishment",3.8,19,restaurant,,
ChIJc9baB7M0joAR106O589tXdA,Tasso's Restaurant & Bar,CLOSED_TEMPORARILY,"1530 Southwest Expy STE 10, San Jose, CA 95126, USA",37.3100203,-121.9166562,"greek_restaurant,restaurant,point_of_interest,food,establishment",4.5,304,restaurant,,
ChIJcz7wwne1j4AR6Ko5-sYCB1o,"Happy Lamb Hot Pot, Cupertino 快乐小羊",CLOSED_TEMPORARILY,"19062 Stevens Creek Blvd, Cupertino, CA 95014, USA",37.322550799999995,-122.00588130000001,"asian_restaurant,chinese_restaurant,restaurant,point_of_interest,food,establishment",4.4,1179,restaurant,,
ChIJdd_KGwsVjoARJffbm5R3re8,El Toro Bravo,CLOSED_TEMPORARILY,"123 Monterey Ave, Capitola, CA 95010, USA",36.9723107,-121.95071319999998,"mexican_restaurant,restaurant,point_of_interest,food,establishment",4.1,282,restaurant,,
ChIJdf4f4idAjoAR27-VU18tWPg,515 Kitchen & Cocktails,CLOSED_TEMPORARILY,"515 Cedar St, Santa Cruz, CA 95060, USA",36.9713086,-122.02705119999997,"night_club,bar,american_restaurant,restaurant,point_of_interest,food,establishment",4.4,436,"bar,restaurant",,
ChIJe0CxfAC1j4ARLzokd2Ngc9A,Kiku Restaurant 香苑 향원,CLOSED_TEMPORARILY,"1655 S De Anza Blvd, Cupertino, CA 95014, USA",37.294756,-122.03310719999999,"chinese_restaurant,restaurant,food,point_of_interest,establishment",4.7,27,restaurant,,
ChIJe3rr_nUzjoARNd6euRxTFBE,Order Bentobox,CLOSED_TEMPORARILY,"1492 Almaden Rd Suite A, San Jose, CA 95125, USA",37.3125381,-121.87803009999999,"japanese_restaurant,restaurant,point_of_interest,food,establishment",,,restaurant,,
ChIJe9OVPuMzjoARyKuZ6pYwu90,5th Quarter Sports Bar & Grill,CLOSED_TEMPORARILY,"1373 Kooser Rd, San Jose, CA 95118, USA",37.24669250000001,-121.8889912,"bar_and_grill,bar,restaurant,food,point_of_interest,establishment",4.1,236,"bar,restaurant",,
ChIJfyn-gX1BjoARa2kG8MPh-iU,Urbani Cellar,CLOSED_TEMPORARILY,"140 Encinal St, Santa Cruz, CA 95060, USA",36.986800099999996,-122.0319756,"restaurant,event_venue,point_of_interest,food,establishment",4.3,249,restaurant,,
ChIJgZsBL_HBj4ARgoCVIbB44NU,Hua Qian Dai Grilled Fish 花千代烤魚,CLOSED_TEMPORARILY,"10883B S Blaney Ave, Cupertino, CA 95014, USA",37.310993499999995,-122.02421539999999,"chinese_restaurant,restaurant,point_of_interest,food,establishment",4.3,81,restaurant,,
ChIJgzGb13s1joARt_iWNCcgkTI,Desi on Demand by Desi Contemporary,CLOSED_TEMPORARILY,"501 E Campbell Ave, Parking Lot [Gate, 01 Delivery, Campbell, CA 95008, USA",37.2873525,-121.94095600000001,"indian_restaurant,meal_delivery,food_delivery,meal_takeaway,restaurant,point_of_interest,food,establishment",5,4,"meal_delivery,meal_takeaway,restaurant",,
ChIJhYkwRC0zjoARLwdwv3xd4PM,SLATERS 50/50,CLOSED_TEMPORARILY,"925 Blossom Hill Rd, San Jose, CA 95123, USA",37.2512755,-121.86187040000002,"hamburger_restaurant,american_restaurant,restaurant,point_of_interest,food,establishment",3.9,134,restaurant,,
ChIJjUmd4NUzjoAREOPpsLbzZ7s,Subway,CLOSED_TEMPORARILY,"925 Blossom Hill Rd #1416, San Jose, CA 95123, USA",37.2519376,-121.86302119999999,"sandwich_shop,fast_food_restaurant,meal_takeaway,restaurant,point_of_interest,food,establishment",2.3,15,"meal_takeaway,restaurant",,
ChIJjXxIHQA1joARX3ta38VbKrw,Pollos asados el trebol 2,CLOSED_TEMPORARILY,"919 Meridian Ave, San Jose, CA 95126, USA",37.3099242,-121.9139651,"restaurant,food,point_of_interest,establishment",,,restaurant,,
ChIJl1PYAEq1j4ARC33_mls70a0,Safar By Karimi,CLOSED_TEMPORARILY,"19930 Stevens Creek Blvd, Cupertino, CA 95014, USA",37.3224784,-122.0222551,"indian_restaurant,restaurant,point_of_interest,food,establishment",,,restaurant,,
ChIJl2JwgCk1joARNpLBOsT93VE,King & I Thai Restaurant,CLOSED_TEMPORARILY,"1505 S Winchester Blvd, San Jose, CA 95128, USA",37.2967413,-121.9503397,"restaurant,food,point_of_interest,establishment",,,restaurant,,
ChIJlzldh3AVjoARKkZ4YjxJ85g,Sushi Garden,CLOSED_TEMPORARILY,"820 Bay Ave, Capitola, CA 95010, USA",36.981559,-121.95530559999999,"japanese_restaurant,sushi_restaurant,restaurant,point_of_interest,food,establishment",4.4,512,restaurant,,
ChIJn-8jdAAzjoARyn7HVd67crg,Izumi Kaiten Sushi,CLOSED_TEMPORARILY,"925 Blossom Hill Rd, San Jose, CA 95123, USA",37.2522918,-121.86456389999998,"sushi_restaurant,japanese_restaurant,restaurant,point_of_interest,food,establishment",,,restaurant,,
ChIJn1UgltQ1joARWAV-XPRRTfQ,150 Body,CLOSED_TEMPORARILY,"2250 S Bascom Ave #454, Campbell, CA 95008, USA",37.282576,-121.9311672,"restaurant,food,point_of_interest,establishment",,,restaurant,,
ChIJnTz9PwsVjoARnLRuNmFZw7E,Capitola Wine Bar & Merchants,CLOSED_TEMPORARILY,"115 San Jose Ave, Capitola, CA 95010, USA",36.9723547,-121.95165189999999,"wine_bar,liquor_store,pub,bar,restaurant,food,point_of_interest,store,establishment",4.4,69,"liquor_store,bar,restaurant",,
ChIJp2AyFmIzjoARK4BOIEdWIEU,Willie's Seafood Boil,CLOSED_TEMPORARILY,"2306 Almaden Rd #150, San Jose, CA 95125, USA",37.2914667,-121.879131,"restaurant,food,point_of_interest,establishment",,,restaurant,,
ChIJq5pYFgNrjoARaN9zq3Je6AE,Oblò Cocktails & Kitchen,CLOSED_TEMPORARILY,"740 Front St STE 100, Santa Cruz, CA 95060, USA",36.9753062,-122.02527719999999,"italian_restaurant,night_club,bar,restaurant,food,point_of_interest,establishment",4.2,57,"bar,restaurant",,
ChIJrTb5L4VHjoARyoVdvCohbg8,Melamore Cafe,CLOSED_TEMPORARILY,"5311 Scotts Valley Dr, Scotts Valley, CA 95066, USA",37.0579538,-122.0112134,"italian_restaurant,restaurant,point_of_interest,food,establishment",4.6,13,restaurant,,
ChIJsyCYJbc1joARsc9wuhl8xCc,Mad Yolks - San Jose (Coming soon),CLOSED_TEMPORARILY,"1087 Meridian Ave #40, San Jose, CA 95125, USA",37.304367299999996,-121.91422290000001,"restaurant,point_of_interest,food,establishment",3,2,restaurant,,
ChIJtQDZ_Yc1joARMPvDRypChDs,Shawarma Falafel ShaQ,CLOSED_TEMPORARILY,"1350 Camden Ave, Campbell, CA 95008, USA",37.2695764,-121.94489060000001,"middle_eastern_restaurant,restaurant,point_of_interest,food,establishment",4.1,13,restaurant,,
ChIJvV8Vk2MzjoAR8uMVj7fTwF4,Ladygomitas y Misterbirria,CLOSED_TEMPORARILY,"2855 Garden Ave, San Jose, CA 95111, USA",37.2948945,-121.84428829999997,"mexican_restaurant,restaurant,food,point_of_interest,establishment",3.8,30,restaurant,,
ChIJvd3JhZlqjoAROku1UcPFDG8,Patio Pizza,CLOSED_TEMPORARILY,"115 Cliff St, Santa Cruz, CA 95060, USA",36.964445,-122.0207976,"pizza_restaurant,restaurant,point_of_interest,food,establishment",1.3,9,restaurant,,
ChIJw0Q01_A0joARx8AD8JA2xRE,"Gyros, Burgers & More",CLOSED_TEMPORARILY,"2638 Union Ave, San Jose, CA 95124, USA",37.2738402,-121.93310609999999,"hamburger_restaurant,greek_restaurant,middle_eastern_restaurant,mediterranean_restaurant,fast_food_restaurant,american_restaurant,restaurant,point_of_interest,food,establishment",4.4,394,restaurant,,
ChIJwQDlpW21j4ARpPQg4L-KjZI,Subway,CLOSED_TEMPORARILY,"6180 Bollinger Rd, San Jose, CA 95129, USA",37.308583299999995,-122.01354060000001,"sandwich_shop,fast_food_restaurant,catering_service,food_delivery,meal_takeaway,restaurant,point_of_interest,food,establishment",2.7,89,"meal_takeaway,restaurant",,
ChIJw_hCqWY1joAR5M3p4z25JaE,Tommy Asia,CLOSED_TEMPORARILY,"916 Meridian Ave, San Jose, CA 95126, USA",37.3098661,-121.9133761,"thai_restaurant,asian_restaurant,chinese_restaurant,restaurant,point_of_interest,food,establishment",4,10,restaurant,,
ChIJwf8QqHS1j4ARqNFWCAO-u5I,Tian Fu Xiang HotPot,CLOSED_TEMPORARILY,"1375 S De Anza Blvd, Cupertino, CA 95014, USA",37.2985969,-122.0327369,"restaurant,point_of_interest,food,establishment",3.6,64,restaurant,,
ChIJwfmYeRMVjoARLPqXL4DpCxY,Amazon Juices,CLOSED_TEMPORARILY,"1066 41st Ave, Capitola, CA 95010, USA",36.968038899999996,-121.9647478,"juice_shop,breakfast_restaurant,brazilian_restaurant,restaurant,point_of_interest,food,establishment",4.3,158,restaurant,,
ChIJx0aFCidAjoARD1HuCcmMAnE,Malabar Restaurant,CLOSED_TEMPORARILY,"514 Front St, Santa Cruz, CA 95060, USA",36.972484,-122.0242385,"vegan_restaurant,vegetarian_restaurant,seafood_restaurant,indian_restaurant,restaurant,point_of_interest,food,establishment",4.2,323,restaurant,,
ChIJx6LJ6rkVjoARMU5RdHmKwVE,Jack's Bao,CLOSED_TEMPORARILY,"49 Rancho Del Mar, Aptos, CA 95003, USA",36.9781893,-121.90733449999998,"chinese_restaurant,meal_delivery,meal_takeaway,food_delivery,restaurant,point_of_interest,food,establishment",4,21,"meal_delivery,meal_takeaway,restaurant",,
ChIJx6R2DhwzjoARs3zM2QE-EJk,Subway,CLOSED_TEMPORARILY,"1 Curtner Ave Suite 50, San Jose, CA 95125, USA",37.303461299999995,-121.86204289999999,"sandwich_shop,fast_food_restaurant,meal_takeaway,catering_service,food_delivery,restaurant,point_of_interest,food,establishment",3.6,89,"meal_takeaway,restaurant",,
ChIJxSDey-k0joARdkmxptNcLRo,The Original Hick'ry Pit,CLOSED_TEMPORARILY,"980 E Campbell Ave, Campbell, CA 95008, USA",37.286893,-121.93312499999999,"barbecue_restaurant,breakfast_restaurant,restaurant,point_of_interest,food,establishment",4.1,342,restaurant,,
ChIJxaxkEmzLj4AROGjnz9VQOMk,Tamales Tamalotes Colombian Food,CLOSED_TEMPORARILY,"3190 Stevens Creek Blvd, San Jose, CA 95117, USA",37.3229409,-121.95322429999999,"restaurant,food,point_of_interest,establishment",4.7,20,restaurant,,
ChIJ-7bL6-HKj4ARuWnskGz5mVc,Global Den,CLOSED_TEMPORARILY,"925 Blossom Hill Rd, San Jose, CA 95123, USA",37.2512034,-121.8644104,"furniture_store,home_improvement_store,home_goods_store,point_of_interest,store,establishment",5,1,"furniture_store,home_goods_store",,
ChIJ1w1efxu1j4ARQe5tNeMHOoI,North America Flooring-Drapery,CLOSED_TEMPORARILY,"1165 S De Anza Blvd, San Jose, CA 95129, USA",37.3035825,-122.03234700000002,"general_contractor,home_goods_store,point_of_interest,store,establishment",,,home_goods_store,,
ChIJ2eLTG0wzjoARPhjrLUSp7ZE,Willow Glen Kitchen & Bath,CLOSED_TEMPORARILY,"351 Willow St, San Jose, CA 95110, USA",37.3168013,-121.8862563,"home_goods_store,point_of_interest,store,establishment",5,1,home_goods_store,,
ChIJ7SFikA4HjoARfE1hz5ZYxgQ,Furniture 4 Less,CLOSED_TEMPORARILY,"Crane St, Castroville, CA 95012, USA",36.7658439,-121.7574716,"furniture_store,home_improvement_store,home_goods_store,point_of_interest,store,establishment",,,"furniture_store,home_goods_store",,
ChIJB9BaYME1joARcKs5JaEik0Q,Campbell Kitchen And Flooring,CLOSED_TEMPORARILY,"71 San Tomas Aquino Rd, Campbell, CA 95008, USA",37.2870286,-121.97717560000001,"home_goods_store,point_of_interest,store,establishment",,,home_goods_store,,
ChIJDyPgpObLj4ARSo43C5im6kg,Spirit Halloween,CLOSED_TEMPORARILY,"3081 Stevens Creek Blvd, Santa Clara, CA 95050, USA",37.3245134,-121.94790160000001,"clothing_store,home_goods_store,point_of_interest,store,establishment",4.4,13,"clothing_store,home_goods_store",,
ChIJDz14sr5HjoARzQnu8mFvDKs,The Find!,CLOSED_TEMPORARILY,"5275 Scotts Valley Dr, Scotts Valley, CA 95066, USA",37.05734340000001,-122.01153380000001,"gift_shop,home_goods_store,point_of_interest,store,establishment",4.6,19,home_goods_store,,
ChIJMeZY9gnLj4ARxmPJoi9mAgY,Spirit Halloween,CLOSED_TEMPORARILY,"222 Saratoga Ave, Santa Clara, CA 95050, USA",37.3283257,-121.9650103,"clothing_store,home_goods_store,point_of_interest,store,establishment",4.3,8,"clothing_store,home_goods_store",,
ChIJPVmEzC5AjoARoQTlSB-H4dM,Fireplace Guy,CLOSED_TEMPORARILY,"Santa Cruz, CA 95060, USA",36.9741286,-122.03079840000001,"home_improvement_store,home_goods_store,point_of_interest,store,establishment",,,home_goods_store,,
ChIJVVUVk7IvjoARW2iDwiZ3AGA,Alternative Workspace Solutions,CLOSED_TEMPORARILY,"6203 San Ignacio Ave, San Jose, CA 95119, USA",37.2363674,-121.77786979999999,"furniture_store,home_improvement_store,home_goods_store,point_of_interest,store,establishment",,,"furniture_store,home_goods_store",,
ChIJawYZszvLj4ARerPI5z-Nxtg,Bay Area Quartz Express,CLOSED_TEMPORARILY,"511 S Bascom Ave, San Jose, CA 95128, USA",37.3194386,-121.9322303,"home_goods_store,point_of_interest,store,establishment",,,home_goods_store,,
ChIJawoFo-K1j4ARSli926CgjI8,Murasaki,CLOSED_TEMPORARILY,"10525 S De Anza Blvd #145, Cupertino, CA 95014, USA",37.315207699999995,-122.03291279999999,"furniture_store,home_improvement_store,home_goods_store,point_of_interest,store,establishment",4.5,20,"furniture_store,home_goods_store",,
ChIJbX5-FoNGjoARSwLlhH9eay0,Shorts Studio,CLOSED_TEMPORARILY,"7064 Hwy 9, Felton, CA 95018, USA",37.061889,-122.07983649999998,"furniture_store,home_improvement_store,home_goods_store,point_of_interest,store,establishment",5,4,"furniture_store,home_goods_store",,
ChIJg2RXEpczjoARhxgR6IPmxpw,Spirit Halloween,CLOSED_TEMPORARILY,"2171 Monterey Rd, San Jose, CA 95125, USA",37.3039205,-121.86619200000001,"home_goods_store,clothing_store,point_of_interest,store,establishment",3.8,35,"home_goods_store,clothing_store",,
ChIJnYJ6dkwyjoARE4Pltaak8qY,"Magnific Outdoor Products, Inc.",CLOSED_TEMPORARILY,"3801 Charter Park Ct ste c, San Jose, CA 95136, USA",37.2785288,-121.85230510000001,"furniture_store,home_improvement_store,home_goods_store,point_of_interest,store,establishment",,,"furniture_store,home_goods_store",,
ChIJnzC_pkoWjoAR3Gkopu3NPUI,Ed Moya's Upholstery,CLOSED_TEMPORARILY,"1710 Cox Rd, Aptos, CA 95003, USA",37.0014891,-121.85646039999999,"furniture_store,home_improvement_store,home_goods_store,point_of_interest,store,establishment",5,2,"furniture_store,home_goods_store",,
ChIJoQl-jBgyjoARIjnbqtS4Fjg,Flooringlabor,CLOSED_TEMPORARILY,"171 Branham Ln Suite # 10433, San Jose, CA 95136, USA",37.2671275,-121.8325946,"home_goods_store,point_of_interest,store,establishment",,,home_goods_store,,
ChIJofOFwbLjkYARhb_Z9wz5Nyc,Oak Knoll Enterprises,CLOSED_TEMPORARILY,"7145 Potomac Pl, Gilroy, CA 95020, USA",36.9981878,-121.58137599999999,"home_goods_store,point_of_interest,store,establishment",,,home_goods_store,,
ChIJrTMzkMMZjoARIxuhM23FivU,Found it!,CLOSED_TEMPORARILY,"531 Corralitos Rd, Watsonville, CA 95076, USA",36.986596999999996,-121.8069926,"home_goods_store,point_of_interest,store,establishment",5,3,home_goods_store,,
ChIJt8_NN5tqjoART--asBU5rOI,Homeless Garden Project Store,CLOSED_TEMPORARILY,"1338 Pacific Ave, Santa Cruz, CA 95060, USA",36.974067,-122.02602220000001,"gift_shop,home_goods_store,grocery_store,food_store,food,point_of_interest,store,establishment",4.8,18,"home_goods_store,grocery_store",,
ChIJtw9zJ6s2joARBAuTMM0big4,My Shop My Choices,CLOSED_TEMPORARILY,"1575 Blossom Hill Rd, San Jose, CA 95118, USA",37.2366624,-121.90271460000001,"consultant,home_goods_store,health,point_of_interest,food_store,food,store,establishment",,,home_goods_store,,
ChIJu_gpzEXLj4ARqD04mKu87YY,Pinatas N Fiesta,CLOSED_TEMPORARILY,"2590 S Bascom Ave Suite B, San Jose, CA 95124, USA",37.2744564,-121.93337980000001,"home_goods_store,point_of_interest,store,establishment",4.6,80,home_goods_store,,
ChIJy7zjzjwzjoARZYiM_ytv9-4,Furniture Plus,CLOSED_TEMPORARILY,"1763 Monterey Rd, San Jose, CA 95112, USA",37.3101814,-121.86840839999998,"furniture_store,home_improvement_store,home_goods_store,point_of_interest,store,establishment",3,1,"furniture_store,home_goods_store",,
ChIJyYykNLc1joAR9dfVO_rq0do,Benjamin Moore,CLOSED_TEMPORARILY,"15300 Los Gatos Blvd, Los Gatos, CA 95032, USA",37.2468371,-121.9568125,"home_goods_store,point_of_interest,store,establishment",,,home_goods_store,,
ChIJ38wMVIRTjoARETTimwjvFdA,Big Basin Tent Cabins,CLOSED_TEMPORARILY,"21600 Big Basin Wy, Boulder Creek, CA 95006, USA",37.171628399999996,-122.2227571,"campground,park,lodging,point_of_interest,establishment",3.9,12,lodging,,
ChIJ75fn4ZtUjoAR9NG2iehtn4Y,Sunset Trail Camp,CLOSED_TEMPORARILY,"Big Basin Redwoods State Park, Boulder Creek, CA 95006, USA",37.1803242,-122.27089830000001,"campground,park,lodging,point_of_interest,establishment",4.9,13,lodging,,
ChIJ8QwAsFtSjoARt7oxvm-2oH8,Sky Meadow Group Camp,CLOSED_TEMPORARILY,"Boulder Creek, CA 95006, USA",37.1798345,-122.20511309999999,"campground,park,lodging,point_of_interest,establishment",4.3,3,lodging,,
ChIJF0FharRWjoARsBzCtofOLpU,Alder Trail Camp,CLOSED_TEMPORARILY,"Skyline-To-The-Sea Trail Rd, Davenport, CA 95017, USA",37.112848199999995,-122.2694475,"campground,park,lodging,point_of_interest,establishment",4,3,lodging,,
ChIJIQeumhE1joARlV7SfRlwk9c,,CLOSED_TEMPORARILY,"828 Sunnypark Ct, Campbell, CA 95008, USA",37.270831699999995,-121.9636407,"lodging,point_of_interest,establishment",,,lodging,,
ChIJKfr87qGrj4ARRxNn_5oaJFk,"Ben Ries Campground, Butano State Park",CLOSED_TEMPORARILY,"1500 Cloverdale Rd, Pescadero, CA 94060, USA",37.2097027,-122.32935420000001,"campground,park,lodging,point_of_interest,establishment",5,1,lodging,,
ChIJPdMqrrNWjoARdikjSbCAy1U,Twin Redwoods Trail Camp,CLOSED_TEMPORARILY,"Davenport, CA 95017, USA",37.116105399999995,-122.26892419999999,"campground,lodging,park,point_of_interest,establishment",5,4,lodging,,
ChIJRc5D8i5AjoARPdMZOyqIJiw,Adobe on Green Street Inn,CLOSED_TEMPORARILY,"103 Green St, Santa Cruz, CA 95060, USA",36.9759332,-122.0307786,"hotel,inn,extended_stay_hotel,lodging,point_of_interest,establishment",4.2,12,lodging,,
ChIJSSEKdQ0VjoARBg-dJ8N7tYg,Surf & Sand Mobile Home Park,CLOSED_TEMPORARILY,"750 47th Ave, Capitola, CA 95010, USA",36.969607599999996,-121.9580905,"mobile_home_park,rv_park,lodging,point_of_interest,establishment",4.3,22,lodging,,
ChIJX-yklihBjoARWmz0AuEUJQU,Henry Cowell Redwoods State Park Campground,CLOSED_TEMPORARILY,"2591 Graham Hill Rd, Scotts Valley, CA 95060, USA",37.0306502,-122.0444691,"campground,park,lodging,point_of_interest,establishment",4.6,373,lodging,,
ChIJX3jxYktSjoARomPniTo4LWk,Blooms Creek Campground,CLOSED_TEMPORARILY,"Boulder Creek, CA 95006, USA",37.1680801,-122.218718,"campground,park,lodging,point_of_interest,establishment",4.6,25,lodging,,
ChIJbdEIXQAhjoARObiXp5wswaM,Hotel MOHI,CLOSED_TEMPORARILY,"10 E 1st St, Morgan Hill, CA 95037, USA",37.1295156,-121.65322,"hotel,lodging,point_of_interest,establishment",,,lodging,,
ChIJcc7QRU81joARRDAzsngNycM,Greenworks Inc,CLOSED_TEMPORARILY,"1360 White Oaks Rd, Campbell, CA 95008, USA",37.267514399999996,-121.9469111,"farm,lodging,wholesaler,point_of_interest,establishment",,,lodging,,
ChIJi7tpJlNSjoARHLrn6KgQ0yY,Sequoia Group Camp,CLOSED_TEMPORARILY,"Big Basin Hwy, Boulder Creek, CA 95006, USA",37.175193799999995,-122.21917939999999,"campground,lodging,park,point_of_interest,establishment",5,5,lodging,,
ChIJjdCQqVkzjoARFpALTeSndoc,Gogocater,CLOSED_TEMPORARILY,"1276 Lincoln Ave Open Workstation Alcove, San Jose, CA 95125, USA",37.305498,-121.89853020000001,"lodging,point_of_interest,establishment",,,lodging,,
ChIJq01yhilTjoARrSdOYhLZ_t0,Lane Trail Camp,CLOSED_TEMPORARILY,"Boulder Creek, CA 95006, USA",37.214638799999996,-122.22223739999998,"campground,park,lodging,point_of_interest,establishment",3.8,6,lodging,,
ChIJv5CSgyNSjoARbPy0_2siin0,Little Basin Cabins & Campground,CLOSED_TEMPORARILY,"21700 Little Basin Rd, Boulder Creek, CA 95006, USA",37.157570899999996,-122.20099619999999,"campground,lodging,park,point_of_interest,establishment",4.6,113,lodging,,
ChIJw4MP1OMajoAR-VKXZnMUIm0,Economy Inn,CLOSED_TEMPORARILY,"584 Auto Center Dr, Watsonville, CA 95076, USA",36.9174317,-121.7682413,"motel,lodging,point_of_interest,establishment",3,89,lodging,,
ChIJzY9PMLNTjoARXI8KTYd5LUo,Jay Trail Camp,CLOSED_TEMPORARILY,"Boulder Creek, CA 95006, USA",37.169019,-122.2205802,"campground,park,lodging,point_of_interest,establishment",4.2,10,lodging,,
ChIJ2-cOXQC1j4ARtq6B5HOAEAI,Hashi Market,CLOSED_TEMPORARILY,"20558 Stevens Creek Blvd, Cupertino, CA 95014, USA",37.3219154,-122.03351459999998,"point_of_interest,asian_grocery_store,grocery_store,food_store,food,store,establishment",,,grocery_store,,
ChIJ2y9oL2EajoAR3N1aHLiTqkk,Wonderfully Raw Gourmet,CLOSED_TEMPORARILY,"9 Hangar Way, Watsonville, CA 95076, USA",36.9296,-121.79030909999997,"grocery_store,food_store,food,point_of_interest,store,establishment",5,2,grocery_store,,
ChIJ3fgVo5oCjoARtYcKZvZ8Q5E,Monterey Bay Produce,CLOSED_TEMPORARILY,"21 Rogge Ln, Watsonville, CA 95076, USA",36.902647,-121.637453,"market,point_of_interest,grocery_store,food_store,food,store,establishment",3.3,3,grocery_store,,
ChIJ3zS4ZnlqjoAR4iXRyRK6iHg,Moceo Produce,CLOSED_TEMPORARILY,"1206 Fair Ave, Santa Cruz, CA 95060, USA",36.9601725,-122.04575100000001,"grocery_store,point_of_interest,food_store,food,store,establishment",,,grocery_store,,
ChIJE8NKLhFCjoARCjSOHTm9tRg,Fambrini's Produce,CLOSED_TEMPORARILY,"CA-1, Santa Cruz, CA 95060, USA",36.996139899999996,-122.17281700000001,"grocery_store,food_store,food,market,point_of_interest,store,establishment",3.7,3,grocery_store,,
ChIJN7HN5RtPjoAR27RkOWHOz4Y,Mountain Store,CLOSED_TEMPORARILY,"125 Pool Dr, Boulder Creek, CA 95006, USA",37.155171200000005,-122.13303429999999,"grocery_store,food_store,food,point_of_interest,store,establishment",3.9,39,grocery_store,,
ChIJPxfJ2Nz8jYARGktYv53SiI0,Asian Pacific Wholesale,CLOSED_TEMPORARILY,"330 Reservation Rd # B, Marina, CA 93933, USA",36.6828874,-121.79117309999998,"grocery_store,food_store,point_of_interest,store,food,establishment",5,1,grocery_store,,
ChIJQdqUKcdTjoAReEU-lJOtRjw,Big Basin Grocery Store and Gift Shop,CLOSED_TEMPORARILY,"21600 Big Basin Wy #30, Boulder Creek, CA 95006, USA",37.1722714,-122.22245300000002,"grocery_store,gift_shop,food_store,point_of_interest,store,food,establishment",3.7,10,grocery_store,,
ChIJQfRXeT0VjoARWoveGXwR_Rc,Salty Girl Farmstand,CLOSED_TEMPORARILY,"2800 S Rodeo Gulch Rd # B, Soquel, CA 95073, USA",36.9861091,-121.9690985,"grocery_store,food_store,food,point_of_interest,store,establishment",,,grocery_store,,
ChIJTeY7_okgjoARAvK3qbf3Euk,Golden Rule Produce,CLOSED_TEMPORARILY,"195 San Pedro Ave Suite D, Morgan Hill, CA 95037, USA",37.123007,-121.64518199999999,"grocery_store,food_store,food_delivery,food,market,point_of_interest,wholesaler,store,establishment",4.5,8,grocery_store,,
ChIJ_1BR69MzjoARFWbBBDnxLkY,Mini Market,CLOSED_TEMPORARILY,"5330 Terner Way, San Jose, CA 95136, USA",37.2574578,-121.861002,"grocery_store,point_of_interest,food_store,food,store,establishment",4.6,17,grocery_store,,
ChIJf2O3DOz8jYARH_TrknRWhKI,Pensi Pasta,CLOSED_TEMPORARILY,"455 Reservation Rd # H, Marina, CA 93933, USA",36.6794407,-121.78143469999999,"grocery_store,food_store,point_of_interest,store,food,establishment",3.5,4,grocery_store,,
ChIJoSC0HEIyjoARJS3AIJtxS8Q,Marcardo Latino,CLOSED_TEMPORARILY,"3828 Seven Trees Blvd #100, San Jose, CA 95111, USA",37.2841187,-121.83337749999998,"grocery_store,food_store,point_of_interest,store,food,establishment",3.5,11,grocery_store,,
ChIJ14yR3GwVjoARNFvHHvwgmWk,Capitola Shores Homeowners,CLOSED_TEMPORARILY,"1425 42nd Ave, Capitola, CA 95010, USA",36.9713466,-121.9623372,"clothing_store,child_care_agency,point_of_interest,store,establishment",4,2,clothing_store,,
ChIJ28UANXhqjoARRNHXViO2j4A,Buell Surf Shop,CLOSED_TEMPORARILY,"912 41st Ave, Santa Cruz, CA 95062, USA",36.9650495,-121.96471369999999,"clothing_store,sporting_goods_store,point_of_interest,store,establishment",4.8,64,clothing_store,,
ChIJ2VpRV_4ajoARCS5ACxdkPE8,,CLOSED_TEMPORARILY,"30 Mariposa Ave, Watsonville, CA 95076, USA",36.9287955,-121.7676537,"clothing_store,point_of_interest,store,establishment",4,1,clothing_store,,
ChIJ3UxovuYzjoARi_RGBc7Kj64,Austin5,CLOSED_TEMPORARILY,"45813079, San Jose, CA 95123, USA",37.2522776,-121.86413049999999,"clothing_store,point_of_interest,store,establishment",,,clothing_store,,
ChIJ3WlnjwwVjoARiOBC5mOW0FM,Baby Equipment Rentals Santa Cruz,CLOSED_TEMPORARILY,"2711 Mar Vista Dr, Aptos, CA 95003, USA",36.982991,-121.9180895,"child_care_agency,clothing_store,point_of_interest,store,establishment",,,clothing_store,,
ChIJ3_zWminJj4AR6Yyw1Y57oHY,Elegant Tailoring & Bridal,CLOSED_TEMPORARILY,"5510 Almaden Expy A, San Jose, CA 95123, USA",37.2521293,-121.87470580000002,"tailor,clothing_store,point_of_interest,store,establishment",4.6,53,clothing_store,,
ChIJ3wqOehxHjoARoi8NC8MKsNw,Santa Cruz Gems By Sandra,CLOSED_TEMPORARILY,"1730 Lockhart Gulch Rd, Scotts Valley, CA 95066, USA",37.071675,-122.033187,"jewelry_store,clothing_store,point_of_interest,store,establishment",,,clothing_store,,
ChIJ67Fs-hwzjoARPzc_L9l_-4I,Inhale Prayer LLC,CLOSED_TEMPORARILY,"725 Capitol Expressway Auto Mall, San Jose, CA 95136, USA",37.2758505,-121.86561750000001,"clothing_store,point_of_interest,store,establishment",,,clothing_store,,
ChIJ6aqXGCnLj4ARlQ0BdWLP1rM,Charlotte Tilbury,CLOSED_TEMPORARILY,"2855 Stevens Creek Blvd Suite 1067, Santa Clara, CA 95050, USA",37.325255,-121.94553339999999,"makeup_artist,beauty_salon,skin_care_clinic,clothing_store,health,point_of_interest,store,establishment",,,clothing_store,,
ChIJ73bC7RfLj4AR2eQsJfXXiss,ZAA’s Fashions,CLOSED_TEMPORARILY,"1046 S Winchester Blvd, San Jose, CA 95128, USA",37.307386799999996,-121.94973829999999,"clothing_store,point_of_interest,store,establishment",4.5,2,clothing_store,,
ChIJAQCEtR5AjoARLfrR6YT8Ghw,Tipsy Gypsy Boutique,CLOSED_TEMPORARILY,"1129 Soquel Ave, Santa Cruz, CA 95062, USA",36.9796937,-122.0112632,"clothing_store,point_of_interest,store,establishment",,,clothing_store,,
ChIJAUOtGKvKj4ARnET9dUngIdA,Baby Depot,CLOSED_TEMPORARILY,"1600 Saratoga Ave, San Jose, CA 95129, USA",37.2931288,-121.98750469999999,"child_care_agency,clothing_store,point_of_interest,store,establishment",3,2,clothing_store,,
ChIJGT5jJ8MhjoARv5uS2Ns76kA,Ryan Chisholm Baby Store,CLOSED_TEMPORARILY,"860 E Dunne Ave # 50, Morgan Hill, CA 95037, USA",37.129171,-121.63490549999999,"clothing_store,child_care_agency,point_of_interest,store,establishment",,,clothing_store,,
ChIJKwOj3-oVjoARA33-OYfL_fU,CUSTOM TEEZ CAPITOLA,CLOSED_TEMPORARILY,"1855 41st Ave suite j05, Capitola, CA 95010, USA",36.975980899999996,-121.9668627,"gift_shop,clothing_store,point_of_interest,store,establishment",4.6,16,clothing_store,,
ChIJNTcsIlIzjoARr1OTlo4El8o,Crafters Showcase,CLOSED_TEMPORARILY,"925 Blossom Hill Rd space 1205, San Jose, CA 95123, USA",37.252416,-121.86413309999998,"clothing_store,point_of_interest,store,establishment",,,clothing_store,,
ChIJPV1ocX8xjoARRtVQekU-yf0,Fashion Express,CLOSED_TEMPORARILY,"844 Blossom Hill Rd, San Jose, CA 95123, USA",37.2492674,-121.85741589999999,"clothing_store,point_of_interest,store,establishment",,,clothing_store,,
ChIJQ2ssWOQ0joARvwq3I-SwtE0,"National Gown Cleaners, LLC",CLOSED_TEMPORARILY,"625 E McGlincy Ln, Campbell, CA 95008, USA",37.278777000000005,-121.9395973,"laundry,clothing_store,point_of_interest,store,establishment",4.7,12,clothing_store,,
ChIJQZEUkuHKj4ARYwrPZ3XJU4Y,Icing by Claire's,CLOSED_TEMPORARILY,"2855 Stevens Creek Blvd #2327, Santa Clara, CA 95050, USA",37.32526,-121.94682449999999,"body_art_service,clothing_store,jewelry_store,point_of_interest,store,establishment",,,clothing_store,,
ChIJT98-Z_YyjoARnjYjtDaJo_s,Chicago Collections,CLOSED_TEMPORARILY,"2893 Senter Rd E, San Jose, CA 95111, USA",37.2978874,-121.83850570000001,"clothing_store,point_of_interest,store,establishment",3,2,clothing_store,,
ChIJVVVVVRk1joAR4IDMqI2qsRY,Baby Dolls,CLOSED_TEMPORARILY,"200 Hollis Ave # 55, Campbell, CA 95008, USA",37.2769445,-121.95297599999998,"clothing_store,child_care_agency,point_of_interest,store,establishment",1,1,clothing_store,,
ChIJ_8tMGR1BjoARBWJzKXZchLY,Solace,CLOSED_TEMPORARILY,"1226 a Mission St, Santa Cruz, CA 95060, USA",36.9692022,-122.03820879999999,"gift_shop,clothing_store,point_of_interest,store,establishment",5,1,clothing_store,,
ChIJdcYstxsXjoARlhTXAl3RcJk,Timeless,CLOSED_TEMPORARILY,"537 Cathedral Dr, Aptos, CA 95003, USA",36.981076,-121.90098700000001,"clothing_store,point_of_interest,store,establishment",,,clothing_store,,
ChIJfeZP8Kc2joARqYdAaMLE-nQ,Second Time's a Charm,CLOSED_TEMPORARILY,"14010 Blossom Hill Rd, Los Gatos, CA 95032, USA",37.235254999999995,-121.91402499999998,"clothing_store,point_of_interest,store,establishment",4.4,33,clothing_store,,
ChIJffDc76fLj4AR8ZjHaf4x9cg,La Donna Bridal Atelier,CLOSED_TEMPORARILY,"377 Santana Row #1105, San Jose, CA 95128, USA",37.319649399999996,-121.94821089999999,"clothing_store,point_of_interest,store,establishment",4.6,11,clothing_store,,
ChIJgajSOhwzjoARcAeThbLAVsk,Love Culture,CLOSED_TEMPORARILY,"925 Blossom Hill Rd #1672, San Jose, CA 95123, USA",37.2517614,-121.86217710000001,"clothing_store,point_of_interest,store,establishment",4,1,clothing_store,,
ChIJjUmd4NUzjoARPjYElwpAfNE,SEPHORA,CLOSED_TEMPORARILY,"925 Blossom Hill Rd, San Jose, CA 95123, USA",37.2521365,-121.86276660000001,"clothing_store,point_of_interest,store,establishment",3.8,145,clothing_store,,
ChIJjUmd4NUzjoARrGFo6VXPHc4,Icing By Claire's,CLOSED_TEMPORARILY,"925 Blossom Hill Rd #1313, San Jose, CA 95123, USA",37.2525226,-121.86405149999997,"body_art_service,jewelry_store,clothing_store,point_of_interest,store,establishment",1.5,2,clothing_store,,
ChIJkQ5_WTHLj4ARLweJKfZEN3w,Absolutely Uniforms,CLOSED_TEMPORARILY,"800 S Bascom Ave, San Jose, CA 95128, USA",37.3128658,-121.93134189999999,"clothing_store,point_of_interest,health,store,establishment",4.3,44,clothing_store,,
ChIJkedZ5d7Lj4ARggbN4FnticI,Tea Collection,CLOSED_TEMPORARILY,"378 Santana Row #1110, San Jose, CA 95128, USA",37.3195682,-121.9476423,"clothing_store,point_of_interest,store,establishment",3.7,3,clothing_store,,
ChIJn4YJO6o0joARL3ZBh3syX5s,The Bleuprint,CLOSED_TEMPORARILY,"1015 Lincoln Ave, San Jose, CA 95125, USA",37.311796,-121.90378489999998,"clothing_store,point_of_interest,store,establishment",5,1,clothing_store,,
ChIJKfPsTjXjjYAR3cFp1rkhzsY,"Richard A. Wulf, Pharmbs",CLOSED_TEMPORARILY,"133 General Stilwell Dr, Marina, CA 93933, USA",36.667743699999995,-121.81097100000001,"pharmacy,point_of_interest,health,store,establishment",,,pharmacy,,
ChIJX7anoaI0joAR0fbIafPenqs,"Hung Q. Dinh, Lac",CLOSED_TEMPORARILY,"1550 Hamilton Ave, San Jose, CA 95125, USA",37.2933513,-121.91184249999999,"pharmacy,health,point_of_interest,store,establishment",,,pharmacy,,
ChIJZXObRQQ1joARbgOZ31LQDmE,Kaiser Foundation Health,CLOSED_TEMPORARILY,"220 E Hacienda Ave, Campbell, CA 95008, USA",37.268205800000004,-121.9548978,"pharmacy,health,point_of_interest,store,establishment",4.7,3,pharmacy,,
ChIJf2O3DOz8jYARpcZ96lISdZE,BriovaRx,CLOSED_TEMPORARILY,"455 Reservation Rd # G, Marina, CA 93933, USA",36.6797337,-121.7818157,"pharmacy,health,point_of_interest,store,establishment",5,2,pharmacy,,
ChIJoRnNhtlHjoARrdT5T2IJXKI,Rite Aid Pharmacy,CLOSED_TEMPORARILY,"6123 Hwy 9, Felton, CA 95018, USA",37.050066099999995,-122.07379019999999,"pharmacy,health,point_of_interest,store,establishment",,,pharmacy,,
ChIJyWM8dy8ujoARRxu74m2zJz8,Kaiser Health Plan Building Phy,CLOSED_TEMPORARILY,"280 Hospital Pkwy, San Jose, CA 95119, USA",37.2388191,-121.8014592,"pharmacy,point_of_interest,health,store,establishment",,,pharmacy,,
ChIJOZIgA3pqjoARRzzWcCcCPYQ,Janet Allinger-Graphic Design,CLOSED_TEMPORARILY,"no longer at this address,, Santa Cruz, CA 95060, USA",36.9591407,-122.04832019999998,"department_store,art_gallery,point_of_interest,store,establishment",,,department_store,,
ChIJoelGCce1j4ARsQ_C8ik0lu4,Thai Me Up,CLOSED_TEMPORARILY,"21670 Stevens Creek Blvd, Cupertino, CA 95014, USA",37.3227401,-122.05358319999998,"meal_delivery,food_delivery,point_of_interest,food,establishment",,,meal_delivery,,
ChIJ8wd0an0VjoARYwCOzHfvD40,LowBrow Fine Art Gallery & Design,CLOSED_TEMPORARILY,"3140 Porter St STE F, Soquel, CA 95073, USA",36.9903689,-121.95700009999999,"art_gallery,book_store,point_of_interest,store,establishment",,,book_store,,
ChIJ9TSvV3MVjoAR028M7ghNCXE,"Go! Calendars, Toys & Games",CLOSED_TEMPORARILY,"1855 41st Ave, Capitola, CA 95010, USA",36.975980899999996,-121.9668627,"gift_shop,book_store,point_of_interest,store,establishment",4.4,7,book_store,,
ChIJL-9X1j8zjoAR0krN0NjS1MA,Jaunot's Books,CLOSED_TEMPORARILY,"2911 Sunwood Dr, San Jose, CA 95111, USA",37.2946703,-121.84138270000001,"book_store,point_of_interest,store,establishment",,,book_store,,
ChIJV2obEWc1joAReAEwLezyWbE,Zane's Treasure Chest,CLOSED_TEMPORARILY,"14422 Union Ave, San Jose, CA 95124, USA",37.260047799999995,-121.9312572,"book_store,point_of_interest,store,establishment",,,book_store,,
ChIJaSBXLjFAjoARj2zGaFPylvQ,Lone Star Timber Harvesting,CLOSED_TEMPORARILY,"117 Cottonwood St, Santa Cruz, CA 95060, USA",36.9834558,-122.0304204,"hardware_store,point_of_interest,store,establishment",,,hardware_store,,
ChIJ1-M92tP8jYAREJVq6WgbyGQ,Valero,CLOSED_TEMPORARILY,"3044 Del Monte Blvd, Marina, CA 93933, USA",36.68146,-121.8050297,"gas_station,point_of_interest,establishment",3,1,gas_station,,
ChIJ4QqaKFEajoARFa50_mpAt2E,Speedway,CLOSED_TEMPORARILY,"1902 Freedom Blvd, Freedom, CA 95019, USA",36.935494,-121.77344919999997,"gas_station,convenience_store,point_of_interest,food_store,food,store,establishment",2,4,"gas_station,convenience_store",,
ChIJAbVLDR00joARqOYOIKya5Uc,Blossom Hill Gasoline Retailer,CLOSED_TEMPORARILY,"1777 Blossom Hill Rd, San Jose, CA 95124, USA",37.2365785,-121.91536310000001,"gas_station,point_of_interest,establishment",4.2,5,gas_station,,
ChIJBaQAETEbjoARrvG0hBh5TmM,Golden Gate Petro,CLOSED_TEMPORARILY,"13 San Juan Rd, Watsonville, CA 95076, USA",36.904802499999995,-121.7499993,"gas_station,point_of_interest,establishment",,,gas_station,,
ChIJIdHl2hUbjoARc4KnuHhHWgc,Vikhar Gas,CLOSED_TEMPORARILY,"676 E Lake Ave, Watsonville, CA 95076, USA",36.9201261,-121.74742919999998,"gas_station,point_of_interest,establishment",,,gas_station,,
ChIJPUjz1uAEjoAR5yiSGKJzkPs,Hilltop Mini-Mart,CLOSED_TEMPORARILY,"1007 Salinas Rd, Royal Oaks, CA 95076, USA",36.8741461,-121.7597232,"convenience_store,gas_station,point_of_interest,food_store,food,store,establishment",4.2,20,"convenience_store,gas_station",,
ChIJYyVeiz8yjoARnGZlW-1ndm0,MY GOODS MARKET,CLOSED_TEMPORARILY,"4144 Monterey Rd, San Jose, CA 95111, USA",37.278439299999995,-121.8350216,"gas_station,point_of_interest,establishment",4.8,6,gas_station,,
ChIJnb2OIHlqjoAR6HH92PZuxQ4,Valero/Corner Store,CLOSED_TEMPORARILY,"2202 Mission St, Santa Cruz, CA 95060, USA",36.962257199999996,-122.04516079999999,"gas_station,point_of_interest,establishment",3.7,21,gas_station,,
ChIJ1WezRZ1qjoARCmJJP32SFJw,Poet & Patriot Irish Pub,CLOSED_TEMPORARILY,"320 Cedar St, Santa Cruz, CA 95060, USA",36.9696959,-122.0257634,"bar,point_of_interest,establishment",4.5,268,bar,,
ChIJ681oVO_Kj4AReI9SvD82a4g,JJ's Lounge,CLOSED_TEMPORARILY,"3439 Stevens Creek Blvd, San Jose, CA 95117, USA",37.323513,-121.9589072,"night_club,event_venue,sports_club,bar,point_of_interest,establishment",3.9,58,bar,,
ChIJVS6KK8kEjoARlqL6erfseZE,El Torero Club,CLOSED_TEMPORARILY,"540 Salinas Rd, Watsonville, CA 95076, USA",36.8920489,-121.7476057,"pub,bar,point_of_interest,establishment",3.6,39,bar,,
ChIJa334MC0VjoARwEub2e2ByLs,Michael's Tap Room,CLOSED_TEMPORARILY,"2591 S Main St, Soquel, CA 95073, USA",36.985023999999996,-121.9557185,"bar,point_of_interest,establishment",5,1,bar,,
ChIJmVtP3HEgjoARbtDUbIQVXhg,Morgan Hill Vapors,CLOSED_TEMPORARILY,"15650 Vineyard Blvd j, Morgan Hill, CA 95037, USA",37.111608,-121.63924659999999,"night_club,bar,point_of_interest,store,establishment",4.3,46,bar,,
ChIJq6o2TQsVjoARUizN8QTL4zQ,Cork and Fork Capitola,CLOSED_TEMPORARILY,"1955 41st Ave Suite B8, Capitola, CA 95010, USA",36.9778525,-121.9677811,"wine_bar,bar,point_of_interest,food,establishment",4.4,78,bar,,
ChIJvcDrvBMbjoARp3TtA8STqJA,Villager,CLOSED_TEMPORARILY,"1032 E Lake Ave, Watsonville, CA 95076, USA",36.9250092,-121.7447899,"bar,point_of_interest,establishment",4.2,72,bar,,
ChIJ44BHrRIDjoARORRF6uvs3pY,Wine Accessories Unlimited,CLOSED_TEMPORARILY,"1930 Caterina Way, Royal Oaks, CA 95076, USA",36.8856546,-121.6963789,"liquor_store,point_of_interest,store,establishment",,,liquor_store,,
ChIJ6xVkaJg0joARt4GUBY-tsWs,Safeway Liquor,CLOSED_TEMPORARILY,"1530 Hamilton Ave, San Jose, CA 95125, USA",37.2930632,-121.91120439999999,"liquor_store,point_of_interest,store,establishment",,,liquor_store,,
ChIJK4g3i5c0joARdQPf6vpPTjo,Lucky Liquor,CLOSED_TEMPORARILY,"1702 Meridian Ave # F, San Jose, CA 95125, USA",37.292777799999996,-121.9127778,"liquor_store,point_of_interest,store,establishment",4.6,22,liquor_store,,
ChIJi7iL9Co1joARgjPHTwe--6U,Payless food liquor,CLOSED_TEMPORARILY,"1702 Meridian Ave # F, San Jose, CA 95125, USA",37.292777799999996,-121.9127778,"liquor_store,point_of_interest,store,establishment",3.7,3,liquor_store,,
ChIJ71_rQzbLj4ARMnlCeYwLVx8,Main Basketball Gym,CLOSED_TEMPORARILY,"Gym Leland Ave, San Jose, CA 95128, USA",37.3153094,-121.9264171,"gym,sports_activity_location,doctor,point_of_interest,health,establishment",5,1,gym,,
ChIJ7xh96Mc1joARoOkRLy_ZW8E,TM Fitness,CLOSED_TEMPORARILY,"15690 Los Gatos Blvd, Los Gatos, CA 95032, USA",37.240310699999995,-121.9594364,"fitness_center,gym,consultant,health,sports_activity_location,point_of_interest,establishment",5,2,gym,,
ChIJ98psyyA1joAREDcNOhmd2Sk,Lotus Studio,CLOSED_TEMPORARILY,"2105 S Winchester Blvd Suite 100, Campbell, CA 95008, USA",37.2856003,-121.95001319999999,"sports_complex,massage,gym,sports_activity_location,point_of_interest,health,establishment",,,gym,,
ChIJA8Ti0lW1j4ARJee7XrbowWM,CYCLEBAR,CLOSED_TEMPORARILY,"5293A Prospect Rd, San Jose, CA 95129, USA",37.2927074,-121.99553879999999,"gym,sports_activity_location,point_of_interest,health,establishment",4.4,19,gym,,
ChIJGcPJN220j4ARUyihDTofioQ,,CLOSED_TEMPORARILY,"10003 Long Oak Ln, Cupertino, CA 95014, USA",37.322843899999995,-122.0708629,"gym,sports_activity_location,health,point_of_interest,establishment",,,gym,,
ChIJPyRMTU5HjoARIuG-MQCGrV8,Yoga,CLOSED_TEMPORARILY,"230 Mt Hermon Rd, Scotts Valley, CA 95066, USA",37.0482059,-122.0263296,"yoga_studio,sports_complex,fitness_center,gym,sports_activity_location,point_of_interest,health,establishment",5,1,gym,,
ChIJQ5CBZN40joARfKcTiqsh0Z0,Debora Cohen - Spiritual Wellness Center,CLOSED_TEMPORARILY,"409 E Campbell Ave, Campbell, CA 95008, USA",37.287244,-121.94275590000001,"yoga_studio,fitness_center,sports_complex,gym,school,sports_activity_location,health,point_of_interest,establishment",,,gym,,
ChIJR4enHRQVjoARXqokTZTuVZg,Urban Sanctuary,CLOSED_TEMPORARILY,"3617B Portola Dr, Santa Cruz, CA 95062, USA",36.9639259,-121.9684178,"yoga_studio,fitness_center,gym,sports_complex,health,sports_activity_location,point_of_interest,establishment",3,2,gym,,
ChIJRznvzAC1j4ARjw356tCz-aE,California Meditates,CLOSED_TEMPORARILY,"10601 S De Anza Blvd, Cupertino, CA 95014, USA",37.3139575,-122.03282399999999,"yoga_studio,sports_complex,school,fitness_center,gym,sports_activity_location,point_of_interest,health,establishment",,,gym,,
ChIJY6P_5UbLj4ARyFEH6G7IGzI,Body Performance,CLOSED_TEMPORARILY,"1770 Hester Ave, San Jose, CA 95128, USA",37.324205299999996,-121.9246174,"fitness_center,gym,health,sports_activity_location,point_of_interest,establishment",5,40,gym,,
ChIJaaZQjscgjoARnBUgB9dkJN4,Champions Academy,CLOSED_TEMPORARILY,"700 Jarvis Dr #120, Morgan Hill, CA 95037, USA",37.1483436,-121.65159599999998,"preschool,sports_complex,gym,child_care_agency,school,sports_club,sports_activity_location,health,point_of_interest,establishment",1,1,gym,,
ChIJcbcWmyhAjoARg0thL23A-Yc,Nourish Santa Cruz,CLOSED_TEMPORARILY,"130 Walnut Ave, Santa Cruz, CA 95060, USA",36.9734376,-122.02750590000001,"yoga_studio,sports_complex,massage,consultant,fitness_center,gym,sports_activity_location,point_of_interest,health,store,establishment",4.2,5,gym,,
ChIJeYKysXlqjoAREzbfgne5tdk,One World Yoga,CLOSED_TEMPORARILY,"2330 Mission St, Santa Cruz, CA 95060, USA",36.9614943,-122.0478651,"yoga_studio,fitness_center,sports_complex,gym,school,sports_activity_location,health,point_of_interest,establishment",,,gym,,
ChIJg7fFGy9AjoARO3tK1fF_k_I,Yoga From Within,CLOSED_TEMPORARILY,"738 Chestnut St, Santa Cruz, CA 95060, USA",36.9760579,-122.0292906,"yoga_studio,fitness_center,gym,sports_complex,sports_activity_location,point_of_interest,health,establishment",,,gym,,
ChIJk7OCV0oVjoARf5UoHgJmS3A,Holden QiGong Center,CLOSED_TEMPORARILY,"1119 Pacific Ave #300, Santa Cruz, CA 95060, USA",36.972229899999995,-122.02599709999998,"yoga_studio,sports_complex,fitness_center,gym,sports_activity_location,point_of_interest,health,establishment",4.4,7,gym,,
ChIJkQPIb3QhjoAR2b-cuVOCWMk,B.Ware Athletics,CLOSED_TEMPORARILY,"358 South N Monroe St, San Jose, CA 95128, USA",37.3270616,-121.94335479999998,"library,gym,sports_activity_location,point_of_interest,health,establishment",,,gym,,
ChIJne8OGy9AjoAReoFVVZk9GYI,Body & Soul - A Salon For The Healing Arts,CLOSED_TEMPORARILY,"738 Chestnut St, Santa Cruz, CA 95060, USA",36.9761423,-122.0292825,"yoga_studio,physiotherapist,fitness_center,gym,sports_complex,sports_activity_location,point_of_interest,health,establishment",5,2,gym,,
ChIJoXwMtMM0joAR7aXIKV8bgmY,San Jose Trainer NV Strength In Motion,CLOSED_TEMPORARILY,"1256 S Bascom Ave, Campbell, CA 95008, USA",37.2907923,-121.9320935,"gym,sports_activity_location,health,point_of_interest,establishment",,,gym,,
ChIJvVD74ci1j4ARo7M1d1btyCM,The Body Line Pilates,CLOSED_TEMPORARILY,"5155 Stevens Creek Blvd #201, Santa Clara, CA 95051, USA",37.323308399999995,-121.9930962,"gym,sports_complex,sports_activity_location,point_of_interest,health,establishment",5,20,gym,,
ChIJy5sj-_Y1joAR7pi5puk82fk,DTSweat,CLOSED_TEMPORARILY,"1047 Lincoln Ave suite 203, San Jose, CA 95125, USA",37.3107348,-121.90303200000001,"gym,sports_activity_location,point_of_interest,health,establishment",5,11,gym,,
ChIJybW2LwDLj4ARaJk9QPsFZt4,Queen of Apostles School Gym,CLOSED_TEMPORARILY,"4909 Moorpark Ave, San Jose, CA 95129, USA",37.314994999999996,-121.9909232,"gym,sports_activity_location,point_of_interest,health,establishment",,,gym,,
ChIJSXMo6f0bjoARykFQzaSSzXY,Summer Meadows Goat Farm,CLOSED_TEMPORARILY,"405 Webb Rd, Watsonville, CA 95076, USA",36.981915,-121.726142,"convenience_store,ranch,food_store,farm,point_of_interest,store,food,establishment",2.8,5,convenience_store,,
ChIJzTt8QQZBjoARnUyhwBVQfP0,Slug Stop,CLOSED_TEMPORARILY,"420 Hagar Dr, Santa Cruz, CA 95064, USA",36.9977519,-122.0556459,"convenience_store,food_store,point_of_interest,store,food,establishment",4.8,4,convenience_store,,
